 Venezuela,0.01,1, Gibraltar,100,5,Mali,56,1,Rank,Country,2016 EPI Score,, ,Education,EduRank,inovation,InoRank,Infrastructure,InfaRank,ICT access,ICTRank
 Uganda,0.03,1, Isle of Man,99.93,5,Benin,53,1,180,Somalia,27.66,1,Zambia,127,1,124,1,116,1,114,1
 Cuba,0.08,1, Barbados,98.57,5,Chad,52,1,179,Eritrea,36.73,1,Bangladesh,126,1,114,1,95,2,109,1
 Georgia,0.14,1, Republic of Ireland,98.37,5,Guinea-Bissau,51,1,178,Madagascar,37.1,1,Azerbaijan,125,1,82,2,50,4,57,3
 Tanzania,0.26,1, Marshall Islands,98.33,5,Somalia,49,1,177,Niger,37.48,1,Guinea,124,1,126,1,121,1,120,1
 Kyrgyzstan,0.32,1, New Zealand,97.82,5,Solomon Islands,48,1,176,Afghanistan,37.5,1,Uganda,123,1,102,2,84,2,122,1
 Democratic Republic of the Congo,0.33,1, United Kingdom,97.74,5,Cameroon,47,1,175,Chad,37.83,1,Madagascar,122,1,111,1,125,1,121,1
 Liberia,0.33,1, Jamaica,97.64,5,Zambia,41,1,174,Mali,41.48,1,"Tanzania, United Republic of",121,1,96,2,100,2,117,1
 Guinea-Bissau,0.4,1, Australia,97,5,Malawi,39,1,173,Bangladesh,41.77,1,Pakistan,120,1,113,1,109,1,104,1
 Solomon Islands,0.41,1, Bermuda,96.92,5,Burkina Faso,39,1,172,Mozambique,41.82,1,Cambodia,119,1,101,2,113,1,99,2
 The Gambia,0.44,1, Nauru,96.26,5,Democratic Republic of the Congo,38,1,171,Dem. Rep. Congo,42.05,1,Burkina Faso,118,1,120,1,118,1,112,1
 Malawi,0.5,1, U.S. Virgin Islands,95.97,5,Mauritania,38,1,170,Sudan,42.25,1,Yemen,117,1,127,1,126,1,116,1
 Kenya,0.54,1, United States,95.5,5,Nepal,37,1,169,Haiti,43.28,1,Ethiopia,116,1,110,1,107,1,124,1
 Swaziland,0.54,1, Saint Vincent and the Grenadines,95,5,Sierra Leone,37,1,168,Burundi,43.37,1,Dominican Republic,115,1,79,2,78,2,94,2
 Botswana,0.58,1, Dominica,94.03,5,Niger,31,1,167,Liberia,43.42,1,India,114,1,60,3,73,3,106,1
 Mali,0.61,1, Palau,92.5,5,Afghanistan,29,1,166,Benin,43.66,1,Philippines,113,1,73,3,72,3,89,2
 Sudan,0.61,1, Anguilla,92.31,5,United Republic of Tanzania,29,1,165,Burkina Faso,43.71,1,Guatemala,112,1,98,2,103,1,93,2
 Haiti,0.62,1, Guam,91.09,5,Central African Republic,29,1,164,Djibouti,45.29,1,Lebanon,111,1,81,2,88,2,62,3
 Uzbekistan,0.68,1, Grenada,90.91,5,Rwanda,29,1,163,Ethiopia,45.83,1,Armenia,110,1,59,3,91,2,62,3
 Mauritius,0.69,1, Guyana,90.55,5,Guinea,28,1,162,Sierra Leone,45.98,1,Mali,109,1,118,1,122,1,107,1
 Tajikistan,0.69,1, Netherlands,90,5,Togo,28,1,161,Togo,46.1,1,Nepal,108,1,109,1,105,1,108,1
 Central African Republic,0.7,1, Norway,90,5,Equatorial Guinea,28,1,160,Mauritania,46.31,1,Sri Lanka,107,1,90,2,63,3,92,2
 Senegal,0.77,1, Malta,89,5,Paraguay,28,1,159,Central African Republic,46.46,1,El Salvador,106,1,103,1,98,2,83,2
 Niger,0.78,1, Trinidad and Tobago,87.74,5,Ethiopia,27,1,158,Solomon Islands,46.92,1,Jordan,105,1,83,2,87,2,70,3
 Zambia,0.78,1, Bahamas,87.13,5,Bolivia (Plurinational State of),26,1,157,Lesotho,47.17,1,Kenya,104,1,80,2,97,2,103,1
 Madagascar,0.79,1, Suriname,87.09,4,Côte d'Ivoire,26,1,156,Papua New Guinea,48.02,1,Indonesia,103,1,87,2,81,2,88,2
 Ghana,0.81,1, British Virgin Islands,86.96,4,Burundi,26,1,155,Guinea-Bissau,48.2,1,Panama,102,2,63,3,36,4,72,3
 Dominican Republic,0.82,1, Sweden,86,4,Sao Tome and Principe,26,1,154,Sao Tome and Principe,48.28,1,Malawi,101,2,115,1,117,1,126,1
 Angola,0.86,1, Denmark,86,4,Kenya,26,1,153,Myanmar,48.98,1,Cameroon,100,2,117,1,119,1,115,1
 Togo,0.86,1, Canada,85.63,4,Guatemala,26,1,152,Comoros,49.2,1,Cote dIvoire,99,2,112,1,114,1,101,2
 Cameroon,0.87,1, Israel,84.97,4,Kyrgyzstan,26,1,151,Malawi,49.69,1,Nigeria,98,2,119,1,111,1,110,1
 Moldova,0.88,2, Vanuatu,83.55,4,Sudan,25,1,150,Yemen,49.79,1,Qatar,97,2,49,4,26,5,29,4
 Côte d'Ivoire,0.89,2, Sierra Leone,83.53,4,Nigeria,25,1,149,Nepal,50.21,1,Togo,96,2,125,1,115,1,119,1
 Burkina Faso,0.9,2, Northern Mariana Islands,83.33,4,Haiti,24,1,148,Laos,50.29,1,Burundi,95,2,122,1,124,1,123,1
 Timor-Leste,0.9,2, Singapore,83.1,4,Angola,23,1,147,Rwanda,50.34,1,Peru,94,2,70,3,69,3,86,2
 El Salvador,0.96,2, Liberia,82.67,4,Congo,23,1,146,Cambodia,51.24,1,"Iran, Islamic Republic of",93,2,75,3,99,2,68,3
 Mexico,0.96,2, Belize,81.65,4,Senegal,23,1,145,Angola,51.32,1,Albania,92,2,93,2,66,3,87,2
 Nigeria,0.96,2, American Samoa,80.1,4,Lesotho,23,1,144,Pakistan,51.42,2,Colombia,91,2,65,3,44,4,73,3
 Bhutan,1,2, Antigua and Barbuda,80,4,Madagascar,23,1,143,Cape Verde,51.98,2,Benin,90,2,116,1,123,1,113,1
 Benin,1.01,2, Saint Kitts and Nevis,78,4,Yemen,23,1,142,The Gambia,52.09,2,Ecuador,89,2,92,2,76,3,84,2
 Mozambique,1.03,2, Cayman Islands,76.6,4,Mozambique,22,1,141,India,53.58,2,Georgia,88,2,68,3,74,3,67,3
 India,1.04,2, Austria,73,4,Comoros,22,1,140,Barbados,54.96,2,Trinidad and Tobago,87,2,91,2,101,2,50,4
 Sri Lanka,1.07,2, Cyprus,73,4,Ghana,22,1,139,Guinea,55.4,2,Paraguay,86,2,85,2,89,2,91,2
 Samoa,1.08,2, Germany,70,4,Peru,22,1,138,Timor-Leste,55.79,2,Thailand,85,2,51,4,71,3,75,3
   Nepal,1.13,2, Finland,70,4,Liberia,21,1,137,Maldives,57.1,2,Romania,84,2,42,4,37,4,52,3
 Sierra Leone,1.19,2, Montserrat,67.8,4,Cambodia,19,1,136,Cameroon,57.13,2,Algeria,83,2,108,1,79,2,82,2
 Tunisia,1.24,2, Ghana,66.67,4,Gambia,19,1,135,Uganda,57.56,2,Bahrain,82,2,66,3,38,4,29,4
 Bangladesh,1.3,2, Philippines,63.72,4,Guyana,18,1,134,Vanuatu,57.74,2,Oman,81,2,77,3,56,3,41,4
 Indonesia,1.3,2, Malaysia,62.57,4,Mongolia,17,1,133,Nigeria,58.27,2,Mexico,80,2,58,3,53,3,81,2
 Lesotho,1.36,2,  Switzerland,61.28,4,Viet Nam,16,1,132,Tanzania,58.34,2,Honduras,79,2,104,1,104,1,100,2
 Myanmar,1.37,2, Belgium,60,3,Republic of Moldova,16,1,131,Viet Nam,58.5,2,Kazakhstan,78,2,78,2,60,3,37,4
 Syria,1.37,2, Slovenia,59,3,Uganda,16,1,130,Ghana,58.89,2,Malaysia,77,3,37,4,45,4,59,3
 Nicaragua,1.39,2, Federated States of Micronesia,57.66,3,Vanuatu,15,1,129,Zimbabwe,59.25,2,Singapore,76,3,7,5,2,5,11,5
 Kazakhstan,1.4,2, Pakistan,57,3,Nicaragua,15,1,128,Congo,59.56,2,South Africa,75,3,57,3,75,3,76,3
 Afghanistan,1.44,2, Luxembourg,56,3,Honduras,14,1,127,Cote d'Ivoire,59.89,2,Canada,74,3,18,5,18,5,25,5
 Cape Verde,1.45,2, Nigeria,53.34,3,Gabon,13,1,126,Oman,60.13,2,Hong Kong (China),73,3,16,5,4,5,4,5
 Papua New Guinea,1.46,2, Greece,51,3,Dominican Republic,13,1,125,Kiribati,60.48,2,Turkey,72,3,43,4,68,3,69,3
 Vanuatu,1.46,2, Estonia,50,3,Montenegro,13,1,124,Swaziland,60.63,2,Mongolia,71,3,52,3,86,2,80,2
 Comoros,1.48,2, Samoa,49.86,3,The former Yugoslav Republic of Macedonia,13,1,123,Kenya,62.49,2,Serbia,70,3,62,3,52,3,45,4
 Russia,1.49,2, Papua New Guinea,49.76,3,Mexico,12,1,122,Antigua and Barbuda,62.55,2,Senegal,69,3,100,2,106,1,102,2
 Kuwait,1.5,2, Croatia,49,3,India,12,1,120,Bosnia and Herzegovina,63.28,2,Brunei Darussalam,68,3,71,3,55,3,47,4
 China,1.51,2, Puerto Rico,48.61,3,Iran (Islamic Republic of),11,1,120,Grenada,63.28,2,Rwanda,67,3,99,2,85,2,117,1
 Armenia,1.57,3, Sri Lanka,47,3,Philippines,11,1,119,Libya,63.29,2,Morocco,66,3,72,3,51,4,71,3
 Vietnam,1.57,3,   Nepal,46.49,3,Lao People's Democratic Republic,10,1,118,Uzbekistan,63.67,2,Chile,65,3,46,4,47,4,56,3
 Saint Vincent and the Grenadines,1.59,3, Hong Kong,46.07,3,Tajikistan,10,1,117,Senegal,63.73,2,Mozambique,64,3,107,1,110,1,111,1
 Mongolia,1.66,3, Latvia,46,3,Serbia,10,1,116,Iraq,63.97,2,Bulgaria,63,3,36,4,48,4,53,3
 Chad,1.68,3, Jordan,45,3,Myanmar,9,1,115,Nicaragua,64.19,2,Jamaica,62,3,84,2,108,1,85,2
 Equatorial Guinea,1.7,3, Saint Lucia,43.03,3,Botswana,9,1,114,Mongolia,64.39,2,Kuwait,61,3,56,3,49,4,39,4
 Guyana,1.71,3, Aruba,42.31,3,El Salvador,9,1,113,Kuwait,64.41,2,Slovakia,60,3,34,4,35,4,45,4
 Mauritania,1.83,3, Zimbabwe,41.58,3,Armenia,9,1,112,Seychelles,64.92,2,Luxembourg,59,3,12,5,24,5,1,5
 Marshall Islands,1.91,3, Lebanon,40,3,Morocco,8,1,111,Georgia,64.96,2,Egypt,58,3,105,1,93,2,78,2
 Honduras,1.94,3, Brunei,39.07,3,Thailand,8,1,110,Bhutan,64.99,2,Hungary,57,3,39,4,46,4,35,4
 Jamaica,1.96,3, France,39,3,Uruguay,8,1,109,China,65.1,2,Brazil,56,3,69,3,57,3,66,3
 Dominica,2.01,3, Botswana,38.42,3,Colombia,8,1,108,Sri Lanka,65.55,3,Tunisia,55,3,74,3,70,3,79,2
 Laos,2.08,3, Cameroon,38,3,Djibouti,8,1,107,Indonesia,65.85,3,Tajikistan,54,3,94,2,120,1,127,1
 Fiji,2.14,3, Lithuania,38,2,Venezuela (Bolivarian Republic of),8,1,106,Zambia,66.06,3,Namibia,53,3,97,2,92,2,97,2
 Turkmenistan,2.19,3, Seychelles,37.93,2,Swaziland,7,1,105,Iran,66.32,3,"Bolivia, Plurinational State of",52,3,106,1,102,2,95,2
 Bosnia and Herzegovina,2.2,3, Poland,37,2,Egypt,7,1,104,Egypt,66.45,3,TFYR Macedonia,51,4,61,3,80,2,60,3
 Pakistan,2.3,3, Egypt,35,2,Indonesia,7,1,103,Ecuador,66.58,3,Saudi Arabia,50,4,55,3,40,4,42,4
 Uruguay,2.31,3, Iraq,35,2,Brazil,7,1,102,Tonga,66.86,3,Niger,49,4,123,1,112,1,125,1
 Azerbaijan,2.34,3, Italy,34,2,Chile,7,1,101,Syria,66.91,3,Italy,48,4,29,4,19,5,33,4
 Malaysia,2.34,3, Solomon Islands,31.68,2,Azerbaijan,7,1,100,Gabon,67.37,3,Lithuania,47,4,40,4,31,4,49,4
 Montenegro,2.39,3, South Africa,31,2,Cabo Verde,6,1,99,Turkey,67.68,3,Japan,46,4,14,5,9,5,10,5
 Peru,2.41,3, Romania,31,2,Turkey,6,2,98,Brunei Darussalam,67.86,3,Mauritius,45,4,64,3,64,3,53,3
 Iraq,2.43,3, Tonga,30,2,State of Palestine,6,2,97,El Salvador,68.07,3,Israel,44,4,17,5,28,4,18,5
 Albania,2.51,3, Lesotho,27.86,2,Bosnia and Herzegovina,5,2,96,Suriname,68.58,3,Czech Republic,43,4,24,5,30,4,38,4
 Barbados,2.54,3, Thailand,27.16,2,Albania,5,2,95,Saudi Arabia,68.63,3,Zimbabwe,42,4,121,1,127,1,105,1
 Republic of Macedonia,2.57,3, Portugal,27,2,Algeria,5,2,94,Lebanon,69.14,3,United States of America,41,4,4,5,21,5,19,5
 Panama,2.58,3, Czechia,27,2,Ecuador,5,2,93,The Bahamas,69.34,3,"Korea, Republic of",40,4,11,5,13,5,8,5
 Brazil,2.61,3, Slovakia,26,2,Iraq,5,2,92,United Arab Emirates,69.35,3,Montenegro,39,4,48,4,54,3,55,3
 Costa Rica,2.65,3, Bulgaria,25,2,Bahrain,5,2,91,Thailand,69.54,3,Spain,38,4,28,4,10,5,28,4
 Philippines,2.65,3, Kiribati,24.21,2,Argentina,4,2,90,Equatorial Guinea,69.59,3,Uruguay,37,4,67,3,43,4,43,4
 Trinidad and Tobago,2.69,3, Spain,22,2,Bangladesh,4,2,88,Guatemala,69.64,3,Poland,36,4,38,4,41,4,48,4
 Colombia,2.75,4, Andorra,22,2,Georgia,4,2,88,Honduras,69.64,3,Latvia,35,4,33,4,42,4,40,4
 Bolivia,2.8,4, Fiji,20.62,2,Timor-Leste,4,2,87,Qatar,69.94,3,Argentina,34,4,76,3,65,3,58,3
 Algeria,2.84,4, Hungary,20,2,Costa Rica,4,2,86,Bahrain,70.07,3,Costa Rica,33,4,53,3,61,3,65,3
 Palau,2.84,4, Cook Islands,19.8,2,Suriname,4,2,85,Samoa,70.2,3,Kyrgyzstan,32,4,95,2,94,2,97,2
 Kosovo,2.85,4, Kenya,18.83,2,Syrian Arab Republic,4,2,84,Turkmenistan,70.24,3,"Moldova, Republic of",31,4,54,3,82,2,61,3
 Belize,2.88,4, Bangladesh,18,2,Saint Lucia,4,2,83,Algeria,70.28,3,Ukraine,30,4,50,4,90,2,64,3
 Guatemala,2.88,4, Madagascar,18,1,Portugal,3,2,82,Paraguay,70.36,3,Germany,29,4,9,5,20,5,5,5
 Thailand,2.89,4, Namibia,17.24,1,Jamaica,3,2,81,South Africa,70.52,3,Switzerland,28,4,1,5,6,5,9,5
 Republic of the Congo,2.91,4, Turkey,17,1,Belize,3,2,80,South Korea,70.61,3,France,27,4,15,5,12,5,11,5
 Belarus,2.95,4, Zambia,16.02,1,Bhutan,3,2,79,Botswana,70.72,3,Australia,26,5,23,5,7,5,20,5
 Seychelles,3.02,4, Mauritius,15.97,1,Panama,3,2,78,Namibia,70.84,3,Estonia,25,5,25,5,11,5,24,5
 Chile,3.1,4, Kazakhstan,15.4,1,Ukraine,2,2,77,Mauritius,70.85,3,Austria,24,5,20,5,16,5,15,5
 Jordan,3.12,4, Rwanda,15,1,Kazakhstan,2,2,76,Bolivia,71.09,3,Russian Federation,23,5,45,4,62,3,44,4
 Paraguay,3.47,4, Morocco,14,1,Tunisia,2,2,75,Guyana,71.14,3,United Kingdom,22,5,5,5,5,5,3,5
 Lebanon,3.49,4, Mexico,12.9,1,Barbados,2,2,74,Jordan,72.24,3,Cyprus,21,5,30,4,59,3,51,4
 Ukraine,3.51,4, India,12.18,1,Lebanon,2,2,73,Peru,72.95,3,Ireland,20,5,10,5,17,5,22,5
 Gabon,3.53,4, Tanzania,9.89,1,Jordan,2,2,72,Tajikistan,73.05,4,Portugal,19,5,31,4,39,4,26,5
 Serbia,3.53,4, Chile,9.53,1,Belarus,1,3,71,Kyrgyz Republic,73.13,4,Netherlands,18,5,3,5,14,5,7,5
 Bulgaria,3.61,4, Yemen,9,1,Sri Lanka,1,3,70,Dominica,73.25,4,Viet Nam,17,5,47,4,77,3,90,2
 Antigua and Barbuda,3.68,4, Uganda,8.09,1,Romania,1,3,69,Kazakhstan,73.29,4,Slovenia,16,5,32,4,34,4,26,4
 Morocco,3.75,4, Algeria,7,1,Trinidad and Tobago,1,3,68,Belize,73.55,4,Croatia,15,5,41,4,33,4,36,4
 Lithuania,4.05,4, Argentina,6.52,1,Turkmenistan,0,3,67,Mexico,73.59,4,Norway,14,5,19,5,1,5,21,5
 Ecuador,4.08,4, Russia,5.48,1,Andorra,0,3,66,Philippines,73.7,4,New Zealand,13,5,21,5,22,5,17,5
 Latvia,4.27,4, Brazil,5,1,Antigua and Barbuda,0,3,65,Uruguay,73.98,4,Belarus,12,5,88,2,67,3,32,4
 Saint Kitts and Nevis,4.28,4, Myanmar,4.45,1,Australia,0,3,64,Morocco,74.18,4,Iceland,11,5,13,5,25,5,2,5
 Iran,4.35,4, Swaziland,4.38,1,Austria,0,3,63,Malaysia,74.23,4,Sweden,10,5,2,5,3,5,13,5
 Estonia,4.41,4, Colombia,4.22,1,Bahamas,0,3,62,Trinidad and Tobago,74.34,4,Botswana,9,5,89,2,83,2,96,2
 The Bahamas,4.54,4, Malawi,3.88,1,Belgium,0,3,61,Albania,74.38,4,China,8,5,22,5,27,4,77,3
 Libya,4.55,4, The Gambia,2.34,1,Brunei Darussalam,0,3,60,Taiwan,74.88,4,Malta,7,5,26,5,23,5,6,5
 Romania,4.74,4, China,1,1,Bulgaria,0,3,59,Fiji,75.29,4,Belgium,6,5,27,4,32,4,16,5
,,,,,,,,,58,Dominican Republic,75.32,4,Finland,5,5,8,5,8,5,33,4
,,,,,,,,,57,Colombia,75.93,4,Denmark,4,5,6,5,15,5,14,5
,,,,,,,,,56,Venezuela,76.23,4,United Arab Emirates,3,5,35,4,29,4,23,5
,,,,,,,,,55,Moldova,76.69,4,Greece,2,5,44,4,58,3,31,4
,,,,,,,,,54,Jamaica,77.02,4,Bosnia and Herzegovina,1,5,86,2,96,2,74,3
,,,,,,,,,53,Tunisia,77.28,4,,,,,,,,,
,,,,,,,,,52,Chile,77.67,4,,,,,,,,,
,,,,,,,,,51,Panama,78,4,,,,,,,,,
,,,,,,,,,50,Macedonia,78.02,4,,,,,,,,,
,,,,,,,,,49,Israel,78.14,4,,,,,,,,,
,,,,,,,,,48,Serbia,78.67,4,,,,,,,,,
,,,,,,,,,47,Montenegro,78.89,4,,,,,,,,,
,,,,,,,,,46,Brazil,78.9,4,,,,,,,,,
,,,,,,,,,45,Cuba,79.04,4,,,,,,,,,
,,,,,,,,,44,Ukraine,79.69,4,,,,,,,,,
,,,,,,,,,43,Argentina,79.84,4,,,,,,,,,
,,,,,,,,,42,Costa Rica,80.03,4,,,,,,,,,
,,,,,,,,,41,Belgium,80.15,4,,,,,,,,,
,,,,,,,,,40,Cyprus,80.24,4,,,,,,,,,
,,,,,,,,,39,Japan,80.59,4,,,,,,,,,
,,,,,,,,,38,Poland,81.26,4,,,,,,,,,
,,,,,,,,,37,Armenia,81.6,4,,,,,,,,,
,,,,,,,,,36,Netherlands,82.03,5,,,,,,,,,
,,,,,,,,,35,Belarus,82.3,5,,,,,,,,,
,,,,,,,,,34,Romania,83.24,5,,,,,,,,,
,,,,,,,,,33,Bulgaria,83.4,5,,,,,,,,,
,,,,,,,,,32,Russia,83.52,5,,,,,,,,,
,,,,,,,,,31,Azerbaijan,83.78,5,,,,,,,,,
,,,,,,,,,30,Germany,84.26,5,,,,,,,,,
,,,,,,,,,29,Italy,84.48,5,,,,,,,,,
,,,,,,,,,28,Hungary,84.6,5,,,,,,,,,
,,,,,,,,,27,Czech Republic,84.67,5,,,,,,,,,
,,,,,,,,,26,United States of America,84.72,5,,,,,,,,,
,,,,,,,,,25,Canada,85.06,5,,,,,,,,,
,,,,,,,,,24,Slovakia,85.42,5,,,,,,,,,
,,,,,,,,,23,Lithuania,85.49,5,,,,,,,,,
,,,,,,,,,22,Latvia,85.71,5,,,,,,,,,
,,,,,,,,,21,Greece,85.81,5,,,,,,,,,
,,,,,,,,,20,Luxembourg,86.58,5,,,,,,,,,
,,,,,,,,,19,Ireland,86.6,5,,,,,,,,,
,,,,,,,,,18,Austria,86.64,5,,,,,,,,,
,,,,,,,,,17,Norway,86.9,5,,,,,,,,,
,,,,,,,,,16,Switzerland,86.93,5,,,,,,,,,
,,,,,,,,,15,Croatia,86.98,5,,,,,,,,,
,,,,,,,,,14,Singapore,87.04,5,,,,,,,,,
,,,,,,,,,13,Australia,87.22,5,,,,,,,,,
,,,,,,,,,12,United Kingdom,87.38,5,,,,,,,,,
,,,,,,,,,11,New Zealand,88,5,,,,,,,,,
,,,,,,,,,10,France,88.2,5,,,,,,,,,
,,,,,,,,,9,Malta,88.48,5,,,,,,,,,
,,,,,,,,,8,Estonia,88.59,5,,,,,,,,,
,,,,,,,,,7,Portugal,88.63,5,,,,,,,,,
,,,,,,,,,6,Spain,88.91,5,,,,,,,,,
,,,,,,,,,5,Slovenia,88.98,5,,,,,,,,,
,,,,,,,,,4,Denmark,89.21,5,,,,,,,,,
,,,,,,,,,3,Sweden,90.43,5,,,,,,,,,
,,,,,,,,,2,Iceland,90.51,5,,,,,,,,,
,,,,,,,,,1,Finland,90.68,5,,,,,,,,,
